INSERT INTO `users` (`id`, `name`, `username`, `password`, `role`, `alamat`, `no_hp`) VALUES
(1, 'annisa', 'admin', '$2y$12$f9nnj8boXKwovKHlOONB9.ghGrRxqU7JILXQKaAkEMBK8D6DIElAu', 'admin', NULL, NULL),
(2, 'Novia', 'novia', '$2y$12$XcSVAx8ungNFp2J4xrgso.Ejy.ntQgAJoN1e3dgzeK86FuVI1bkqW', 'ortu', 'Binuang Kampuang Dalam', '081286616893'),
(3, 'Aprilia Dea', 'aprilia', '$2y$12$rOiKaFBIepKG1uk2pMNJCeE8BNgdXzy2qcG6LbG7Z0epvnzgBpL1m', 'ortu', 'Binuang Kampuang Dalam', '082311173627'),
(4, 'Novia Junita', 'junita', '$2y$12$7jwkjAiEyvTq9oxg38kcaeX93lYkCq71sTFeArDHaT2fiFhSkZUZe', 'ortu', 'Pasar Baru', '083180151857'),
(5, 'Nelvi Julia', 'nelvi', '$2y$12$pWiZfLcRAxLxKDPVtGtmlOYphBA5Qsmdy6OoJZkivZ7SRsV9Fzo1u', 'ortu', 'Binuang Kampuang Dalam', '083818839393'),
(7, 'Fifi Gustiani', 'fifi', '$2y$12$LSilKADy2r8VPm/NlXrf6.vQkuXZTJjE4Hf2VfHYRaXKaJmFj5xSq', 'ortu', 'Limau Manih', '085227777728'),
(8, 'Muliani', 'muliani', '$2y$12$Lb9PrzUaD/mqQJB58WlvJ.pBFc2fIeBb/Cf7W.qOF7xqyfg14lXwe', 'ortu', 'Limau Manih', '085257441315'),
(9, 'Dini Amelia Putri', 'dini', '$2y$12$HICY8OJemlHIjs6UA.asne.LyQkEcTslVsQAmjZubMvQsiPInzMRO', 'ortu', 'Alai Pauh', '085399953277'),
(10, 'Dona', 'dona', '$2y$12$AEenhVQphVQ.mhfKGQ0S5.u/SZzK5Dqyby1NKJ0w6.oJTv.CLv/FO', 'ortu', 'Alai Pauh', '085604326435'),
(11, 'Vivi Intan', 'vivi', '$2y$12$0ZE6G22BAbQCF02ijEPvluMo/.G0BFGKXMnzWwzsLvJ7UKsrWMCxi', 'ortu', 'Alai Pauh', '083133615718'),
(13, 'Lesni Yuherna Resti', 'lesni', '$2y$12$40JfxFskZcAMGyL5a26dGOf7veV.LXhOGSx3oKtvI4KlkBtm9Jeki', 'ortu', 'Kampuang Caniago, Pisang', '083133615712'),
(14, 'Lely Guslina', 'pembina', '$2y$12$O.l4KCtJyauEZj7pThZ5PO7.6OIlIkbTAZKEonefTi6o5TCBv3SBe', 'pb', NULL, NULL);


INSERT INTO `kriteria` (`id`, `kriteria`, `bobot`) VALUES
(1, 'Status gizi', 5),
(2, 'Penghasilan orang tua', 4),
(3, 'Jumlah tanggungan', 3),
(4, 'Pekerjaan kepala keluarga', 4),
(5, 'Material lantai rumah', 3);

INSERT INTO `subkriteria` (`id`, `id_kriteria`, `keterangan`, `bobot`) VALUES
(1, 1, 'Gizi buruk', 5),
(2, 1, 'Gizi kurang', 4),
(3, 2, '<Rp1.000.000', 5),
(4, 2, 'Rp1.000.000-<Rp2.000.000', 4),
(5, 2, 'Rp2.000.000 – <Rp3.000.000', 3),
(6, 2, 'Rp3.000.000 - <Rp4.000.000', 2),
(7, 2, '≥Rp4.000.000', 1),
(8, 3, '>4', 5),
(9, 3, '4', 4),
(10, 3, '3', 3),
(11, 3, '2', 2),
(12, 3, '1', 1),
(13, 4, 'Buruh tani', 5),
(14, 4, 'Buruh jasa', 4),
(15, 4, 'Pedagang kecil', 3),
(16, 4, 'Wirausaha', 2),
(17, 4, 'Pegawai  swasta/PNS', 1),
(18, 5, 'Tanah', 5),
(19, 5, 'Bambu/Kayu murahan', 4),
(20, 5, 'Lantai cor', 3),
(21, 5, 'Plester/Tegel', 2),
(22, 5, 'Keramik', 1);

INSERT INTO `posyandu` (`id`, `nama_posyandu`, `alamat`, `kelurahan`) VALUES
(1, 'Sehat sejahtera 1', 'Kapalo koto RT 1 RW 1,2,3', 'Kapalo Koto'),
(2, 'Sehat sejahtera 2', 'Kapalo koto RT 5 RW 3 Kp Tanjung', 'Kapalo Koto'),
(3, 'Melati', 'Kp Tarandam RW 2', 'Cupak Tangah'),
(4, 'Citra', 'Pasar Baru RW 1', 'Cupak Tangah'),
(5, 'Harapan Bunda', 'RT 1 RW 1', 'Koto Lua'),
(6, 'Harapan Bangsa', 'RT 2 RW 2', 'Koto Lua'),
(7, 'Lubuk Ipuh', 'RT 1 RW 4', 'Pisang'),
(8, 'Kp Chaniago', 'Kp Chaniago RT 2 RW 4', 'Pisang'),
(9, 'Flamboyan 1', 'RT 2 RW 8', 'Limau Manis'),
(10, 'Kasih Ibu 1', 'RT 1 RW 1', 'Binuang Kampung Dalam'),
(11, 'Sehat sejahtera 3', 'Kapalo koto RT 1,2 RW 3 Alai', 'Kapalo Koto');

INSERT INTO `anak` (`id`, `id_ortu`, `nama`, `umur`, `id_posyandu`) VALUES
(1, 3, 'Muhammad Elfathan', 24, 10),
(2, 2, 'Mikayla Putri Devia', 24, 10),
(3, 4, 'Faiza Tazkiya', 49, 4),
(4, 5, 'Rafasya', 59, 10),
(5, 7, 'Arumi Nasya Razita', 29, 9),
(6, 8, 'Yufa Musyafa', 30, 9),
(7, 9, 'Anisra Nazra Rumasya', 6, 11),
(8, 10, 'Bintang', 6, 11),
(9, 11, 'Jihan Yovi Zafitri', 6, 11),
(10, 13, 'Ahmad Syaqil', 36, 8);

INSERT INTO `penilaian` (`id`, `id_anak`, `id_subkriteria`) VALUES
(1, 2, 2),
(2, 2, 5),
(3, 2, 11),
(4, 2, 14),
(5, 2, 20),
(6, 1, 2),
(7, 1, 5),
(8, 1, 11),
(9, 1, 14),
(10, 1, 22),
(11, 3, 2),
(12, 3, 7),
(13, 3, 11),
(14, 3, 16),
(15, 3, 22),
(16, 4, 2),
(17, 4, 6),
(18, 4, 11),
(19, 4, 16),
(20, 4, 22),
(21, 5, 2),
(22, 5, 5),
(23, 5, 12),
(24, 5, 17),
(25, 5, 20),
(26, 6, 2),
(27, 6, 5),
(28, 6, 11),
(29, 6, 14),
(30, 6, 19),
(31, 7, 2),
(32, 7, 6),
(33, 7, 11),
(34, 7, 16),
(35, 7, 20),
(36, 8, 2),
(37, 8, 4),
(38, 8, 9),
(39, 8, 15),
(40, 8, 20),
(41, 9, 2),
(42, 9, 4),
(43, 9, 10),
(44, 9, 13),
(45, 9, 20),
(46, 10, 2),
(47, 10, 6),
(48, 10, 10),
(49, 10, 14),
(50, 10, 21);

INSERT INTO `pembina_wilayah` (`id`, `id_user`, `id_posyandu`) VALUES
(1, 14, 4),
(2, 14, 8);
